Date,Temperature,Humidity,NO2,SO2,PM2.5
01/06/2019,29.32,33.23,18.61,18.54,32.12
02/06/2019,35.04,30.76,20.42,7.77,30.6
03/06/2019,25.95,36.43,11.54,11.06,30.18
04/06/2019,30.15,38.38,11.71,11.4,30.91
05/06/2019,25.87,36.55,11.97,11.57,30.74
06/06/2019,21.72,35.43,11.44,11.84,29.41
07/06/2019,22.48,36.1,11.22,11.66,29.24
08/06/2019,24.33,36.91,11.66,11.47,28.35
09/06/2019,24.62,36.9,11.21,11.06,29.9
10/06/2019,24.6,38.17,11.14,11.33,32.76
11/06/2019,21.8,38.86,11.47,11.32,28.47
12/06/2019,20.53,39.55,10.67,10.9,26.67
13/06/2019,23.14,36.63,12.32,11.62,30.7
14/06/2019,23.32,36.47,11.99,11.18,29.43
15/06/2019,23.78,40.92,10.28,10.1,28.23
16/06/2019,22.89,41.81,10.47,10.29,27.35
17/06/2019,23.25,39.41,10.76,10.89,29.75
18/06/2019,23.04,40.07,10.78,10.7,28.67
19/06/2019,32.93,35.32,16.98,7.1,29.52
20/06/2019,27,37.4,11.44,10.43,17
21/06/2019,27.4,35.43,12.18,10.88,19.57
22/06/2019,27.27,36.65,11.91,10.49,20.73
23/06/2019,26.73,37.89,11.44,10.3,24.2
24/06/2019,26.07,37.04,14.52,11.5,30.39
25/06/2019,32.2,31.71,14.23,11.6,27.31
26/06/2019,35.47,24.58,14.26,12.26,28.83
27/06/2019,35.62,18.7,13.91,11.19,34.22
28/06/2019,36,18.45,13.87,11.17,32.84
29/06/2019,37.64,19.87,11.62,10,43.29
30/06/2019,35.9,22.37,11.91,9.39,29.16
01/07/2019,36.37,20.34,15.03,10.6,33.67
02/07/2019,38.5,18.5,15.43,11.66,41.24
03/07/2019,36.53,18.11,16.06,11.82,41.36
04/07/2019,36.77,18.81,16.17,11.1,42.24
05/07/2019,34,24.58,15.05,9.79,34.25
06/07/2019,29.5,28.58,12.39,8.81,31.6
07/07/2019,33.5,30.95,12.44,8.93,32.31
08/07/2019,34.67,34.64,14.1,10.13,31.94
09/07/2019,34.67,34.64,14.1,10.13,31.94
10/07/2019,29,38.22,14.04,9.47,30.98
11/07/2019,28.33,39.34,13.12,9.08,31.07
12/07/2019,30.6,38.31,10.93,7.12,39.55
13/07/2019,28.7,41.73,10.07,6.17,27.6
14/07/2019,28.6,43.17,10.12,6.21,28.43
15/07/2019,29.44,61.83,7.7,5.66,31.59
16/07/2019,27.53,59.13,11.14,4.29,26
17/07/2019,27.07,64.13,10.28,5.08,34.86
18/07/2019,27.87,62.46,12.91,5,36.5
19/07/2019,30.7,54.2,13.91,5.38,36.67
20/07/2019,30.93,52.54,11.74,4.61,26.26
21/07/2019,27.9,58.79,11.43,4.43,34.3
22/07/2019,29.57,81.5,9.09,5.91,37.85
23/07/2019,30.8,46.82,13.59,4.7,41.39
24/07/2019,34.83,59.82,10,4.15,44.2
25/07/2019,25.03,62.06,16.05,4.77,24.24
26/07/2019,27.73,55.83,16.19,4.73,23.82
27/07/2019,26.73,57.97,14.78,4.67,23.82
28/07/2019,27.37,59.82,16.19,4.88,24.56
29/07/2019,31.03,48.49,12.23,4.89,25.49
30/07/2019,31.4,45.78,11.14,5.07,28.26
31/07/2019,26.93,48.49,9.57,5.8,18.75
01/08/2019,25.6,59.72,11.43,5.72,18.68
02/08/2019,29,43.44,12.34,5.95,27.35
03/08/2019,28.43,47.45,10.95,5.56,24.01
04/08/2019,31.47,44.23,14.66,4.85,28.44
05/08/2019,31.17,49.04,8.27,5.13,27.78
06/08/2019,31.6,51.94,10.77,5.02,26.82
07/08/2019,27.77,54.47,13.02,5.95,26.77
08/08/2019,31.53,47.62,10.11,5.26,29.1
09/08/2019,28.87,69.23,10.8,5.62,22.1
10/08/2019,25.29,65.47,11.85,5.64,20.64
11/08/2019,26.6,60.55,12.25,5.85,24.82
12/08/2019,27.73,57.5,11.97,5.79,23.89
13/08/2019,29.48,57.76,10.77,5.58,22.6
14/08/2019,28.63,64.6,11.15,5.75,24.55
15/08/2019,29.43,69.22,11.51,5.95,26.99
16/08/2019,28.47,62.47,9.22,6.08,26.77
17/08/2019,28.83,70.17,11.09,6.37,26.77
18/08/2019,28.82,69.95,10.73,6.46,26.04
19/08/2019,29.17,63.89,13.48,6.71,24.56
20/08/2019,30.4,69.31,16.3,6.99,25.94
21/08/2019,29.83,65.5,17.95,6.58,27.17
22/08/2019,30.83,62.33,12.51,6.17,33.21
23/08/2019,29.53,69.42,15.5,6.67,33.29
24/08/2019,31.17,57.33,14.53,6.15,33.17
25/08/2019,30.43,60.26,10.32,6.33,35.45
26/08/2019,26.53,70.98,15.19,7.6,31.91
27/08/2019,29.83,65.5,17.95,6.58,27.17
28/08/2019,30.83,64.58,13.18,6.54,37.17
29/08/2019,30.6,66.55,14.71,6.51,37.35
30/08/2019,30.43,60.26,10.32,6.33,35.45
31/08/2019,29.87,66.28,19,6.74,33.47
01/09/2019,30.33,68.79,10.95,6.84,27.57
02/09/2019,30.47,66.16,12.51,6.96,25.32
03/09/2019,30.5,67.02,15.13,6.95,33.82
04/09/2019,31.23,64.27,12.29,7.95,34.88
05/09/2019,29.67,72.43,11.66,7.8,32.93
06/09/2019,30.13,78.47,12.79,7.68,32.72
07/09/2019,30,72.46,10.82,7.72,23.29
08/09/2019,29.4,73.76,13.16,7.86,29.26
09/09/2019,31.3,68.15,10.23,6.74,36.71
10/09/2019,31.53,66.79,10.64,6.74,37.36
11/09/2019,31.27,68.47,11.95,6.8,41.63
12/09/2019,31.8,63.8,13.82,6.68,44.38
13/09/2019,28.77,77.62,11.49,5.75,35.04
14/09/2019,30.03,72.32,11.38,5.52,30.12
15/09/2019,29.5,73.45,10.61,5.85,29.91
16/09/2019,28.57,77.32,11.93,5.79,30.16
17/09/2019,29.4,76.72,15.65,9.65,44.49
18/09/2019,28.93,80.14,13.67,8.6,51.04
19/09/2019,27.23,83.96,12.79,7.91,36.21
20/09/2019,27.67,78.26,14.29,8.44,33.28
21/09/2019,28.7,74.47,17.3,9.85,41.81
22/09/2019,29.43,71.81,13.85,11.09,42.24
23/09/2019,28.4,76,12.6,9.85,43.34
24/09/2019,28.43,74.26,12.32,9.84,53.16
25/09/2019,27.17,80.28,14.59,10.28,60.7
26/09/2019,28.8,78.07,11.6,9.48,51.52
27/09/2019,27.67,83.69,14.21,9.85,29.31
28/09/2019,26.43,84.56,11.23,8.82,23.85
29/09/2019,26.53,82.08,9.78,8.38,27.6
30/09/2019,27,78.69,12.11,9.12,28.35
01/10/2019,25.6,83.38,15.25,9.89,32.95
02/10/2019,26.07,80.52,16.43,11.82,39.35
03/10/2019,23.73,85.4,19.68,13.85,40.55
04/10/2019,26.07,80.68,11.58,9.45,27.27
05/10/2019,26.47,83.11,15.11,10.93,34.79
06/10/2019,23.37,85.79,22.96,17,47.15
07/10/2019,24.57,82.11,17.78,14.99,31.08
08/10/2019,26.4,79.13,16.55,13.94,38.7
09/10/2019,25.03,85.36,22.89,9.9,33.55
10/10/2019,26.6,81.38,19.44,10.56,41.75
11/10/2019,27,79.01,21.55,10.74,47.03
12/10/2019,26.97,79.76,21.63,10.73,58.63
13/10/2019,27.13,78.78,19.23,10.8,58.51
14/10/2019,27.23,76.34,20.13,11.67,55.78
15/10/2019,27.47,76.32,19.56,11.09,54.67
16/10/2019,27.13,78.78,19.14,11.19,89.96
17/10/2019,26.27,85.24,14.6,11.2,53.43
18/10/2019,24.63,86.38,16.53,12.39,34.59
19/10/2019,24.77,84.24,20.1,12.98,45.87
20/10/2019,24.87,80.71,16.52,13.62,52.94
21/10/2019,24.87,80.71,16.52,13.62,52.94
22/10/2019,25.17,82.74,20.88,13.4,46.37
23/10/2019,25.57,80.26,19.66,13.2,49.94
24/10/2019,26.27,77.94,21.18,13,56.43
25/10/2019,26.53,75.24,18.41,12.91,56.81
26/10/2019,26.43,76.06,23.31,11.93,52.23
27/10/2019,26.2,77.19,18.21,11.3,53.52
28/10/2019,26.23,75.26,24.12,12.65,60.82
29/10/2019,24.67,73.49,35.1,14.32,86.01
30/10/2019,24.83,72.1,25.82,13.77,84.6
31/10/2019,25.7,60.67,20.9,13.82,61.34
01/11/2019,22.45,65.67,22.56,13.78,38.65
02/11/2019,21.52,67.23,18.57,15.67,40.76
03/11/2019,20.76,68.01,17.98,14.76,37.85
04/11/2019,22.33,68.57,20.99,12.21,36.09
05/11/2019,19.6,73.39,24.84,17.63,43.87
06/11/2019,17.86,76.64,27.01,18.97,32.95
07/11/2019,15.67,79.33,20.92,14.99,38.68
08/11/2019,19.03,73,16.58,17.61,34.53
09/11/2019,21.03,67.33,20.26,20.06,44.83
10/11/2019,21.17,65.33,21.06,17.53,46.66
11/11/2019,19.57,64.33,21.39,17.97,44.11
12/11/2019,16.63,69,31.49,22.54,90.05
13/11/2019,16.57,70,31.25,24.44,51.72
14/11/2019,17.02,69,30.97,23.75,43.78
15/11/2019,17.83,66,21.67,18.42,36.4
16/11/2019,16.53,61,16.54,21.13,37.99
17/11/2019,19.57,64,9.71,19.02,37.62
18/11/2019,19.8,61.33,16.17,18.44,40.57
19/11/2019,18.07,64,25.56,22.94,77.66
20/11/2019,16.2,67,33.83,24.73,95.69
21/11/2019,14.33,72,30.98,28.03,48
22/11/2019,15.21,70.32,20.76,18.43,50.75
23/11/2019,16.1,68.31,30.54,21.56,53.67
24/11/2019,17.2,66.33,21.8,22.29,42.92
25/11/2019,17.57,63,23.57,21.42,59.76
26/11/2019,16.6,70,19.09,22.76,68.56
27/11/2019,14.47,73,21.65,25.15,65.15
28/11/2019,14.2,75.67,23.33,25.19,46.12
29/11/2019,14.76,70.67,20.45,20.45,50.62
30/11/2019,15.21,69.8,21.67,22.89,53.54
01/12/2019,16.21,65.23,31.25,25.48,62.54
02/12/2019,16.77,68.33,33.77,27.13,65.67
03/12/2019,16.33,71.67,41.17,31.1,53.79
04/12/2019,16.9,68.33,48.02,30.28,64.47
05/12/2019,15.93,70.33,45.92,29.65,65.28
06/12/2019,15.62,71.25,48.25,30.27,66.79
07/12/2019,16.25,60.27,44.56,27.84,68.21
08/12/2019,16.67,68,33.16,24.12,65.01
09/12/2019,14.63,73.67,60.64,36.3,121.97
10/12/2019,14.93,71.67,52.19,31.96,72.66
11/12/2019,12.25,75.45,50.12,35.42,68.42
12/12/2019,10.5,77.33,44.09,40.54,50.93
13/12/2019,11.42,75.25,42.25,38.54,52.13
14/12/2019,11.98,77.78,45.21,45.21,49.56
15/12/2019,12.87,74.67,19.52,39.44,44.97
16/12/2019,14.93,72,29.7,36.93,53.81
17/12/2019,14.97,73.67,35.24,39.81,54
18/12/2019,16.21,68,60.64,24.12,72.66
19/12/2019,16.77,73.67,52.19,36.3,68.42
20/12/2019,12.25,71.67,41.17,31.96,50.93
21/12/2019,10.5,68.33,48.02,35.42,52.13
22/12/2019,14.97,72.67,30.83,40.54,49.56
23/12/2019,10.5,77.33,60.64,36.3,68.42
24/12/2019,11.42,75.25,52.19,31.96,50.93
25/12/2019,11.6,77.67,44.21,51.77,71.35
26/12/2019,10.6,75.52,45.21,48.21,65.54
27/12/2019,10.52,78.25,50.21,44.62,62.12
28/12/2019,9.98,77.12,54.12,40.12,60.18
29/12/2019,9.33,81,28,67.73,66.48
30/12/2019,10.23,77.33,26.89,53.17,64.53
31/12/2019,10.32,77.25,35.45,50.85,60.45
01/01/2020,7.6,68.52,33.63,42.93,38.17
02/01/2020,7.52,72.25,35.64,45.34,49.6
03/01/2020,6.5,74.12,34.42,44.4,44.93
04/01/2020,7.01,65.1,31.2,37.6,51.35
05/01/2020,6.58,68.4,30.5,48.6,65.4
06/01/2020,6.2,70.3,24.21,31.4,32.12
07/01/2020,6.88,74.2,29.6,32.6,44.3
08/01/2020,6.53,79,33.63,78.88,50.36
09/01/2020,6.54,70,34.8,66.03,40.72
10/01/2020,6.37,68.2,33.27,70.09,38.9
11/01/2020,6.3,51.3,34.63,60.3,45.7
12/01/2020,5.61,47.2,30.4,44.1,27.3
13/01/2020,5.44,50.36,30.2,35.21,22.6
14/01/2020,5.42,54.8,32.71,33.8,30.4
15/01/2020,5.66,57.3,35.4,41.6,33.75
16/01/2020,6.31,64.2,34.2,48.3,34.2
17/01/2020,6.21,68.3,33.5,44.6,46.8
18/01/2020,6.5,74.3,32.6,45.8,42.3
19/01/2020,6.58,78.6,30.82,52.4,48.2
20/01/2020,7.07,81.33,31.63,67.75,59.8
21/01/2020,8.63,51,31.64,66.03,38.63
22/01/2020,10.4,49.33,31.42,65.09,34.7
23/01/2020,7.7,45.7,34.71,62.93,48.16
24/01/2020,6.86,52.8,34.5,55.34,41.27
25/01/2020,6.83,64.3,19.21,34.4,18.08
26/01/2020,6.9,70.3,22.3,37.6,85.54
27/01/2020,6.97,83.6,24.06,44.1,62.24
28/01/2020,7.1,97,25.32,47.32,31.63
29/01/2020,11.7,64,21.16,37.01,40.26
30/01/2020,12.6,49.66,23.16,42.2,53.02
31/01/2020,13.76,54.4,22.23,32.57,64.66
01/02/2020,13.45,33.4,27.36,35.6,58
02/02/2020,13.7,32.3,26.03,34.21,65.73
03/02/2020,13.43,50.33,27.58,33.9,79.36
04/02/2020,13.51,46.1,26.3,32.7,77
05/02/2020,13.8,41.33,23.51,31.13,65.06
06/02/2020,12.87,54.33,25.05,29.67,48.4
07/02/2020,13.2,56.2,24.6,35.6,79
08/02/2020,13.71,55.8,25.2,31.9,82
09/02/2020,14.43,57.66,23.66,32.35,75.87
10/02/2020,15.06,46.33,28.92,44.25,103.04
11/02/2020,14.56,59,30,44.21,92.23
12/02/2020,14,65,23.93,32.49,87.91
13/02/2020,14.6,71.4,21.53,29.21,66.66
14/02/2020,15.33,73.7,18.72,25.94,29.65
15/02/2020,17.33,46.66,20.23,23.53,26.96
16/02/2020,16.7,43,21.4,25,21.16
17/02/2020,17.33,32,23.96,27.93,33.41
18/02/2020,17.7,22.33,24.13,30.06,72
19/02/2020,19.66,72.33,25.26,23.8,38.5
20/02/2020,17.33,92.66,23.86,23.06,21.25
21/02/2020,17.81,81.2,32.8,28.4,73
22/02/2020,18.8,74.6,29.51,24.3,32
23/02/2020,20.66,68.33,26.46,30.2,40.43
24/02/2020,20,66.33,28.3,30.5,39.33
25/02/2020,20.33,47.33,28.43,30.83,48.1
26/02/2020,20.7,42,30.93,33.66,56.7
27/02/2020,20.33,71,30.7,33.66,55.33
28/02/2020,20.58,73.13,24.6,30.73,47
29/02/2020,20.7,64.4,22.82,27.34,26
01/03/2020,18,83.7,20.03,21.24,28.7
02/03/2020,19.7,55.33,18.4,19.53,29.7
03/03/2020,19.33,55.33,20.4,23.6,47.07
04/03/2020,17.7,97.7,20.66,22.1,34.66
05/03/2020,16.5,92.2,20.31,23.4,27.2
06/03/2020,16.33,94,20.44,24.43,25
07/03/2020,16.2,90.2,20.8,24.6,20.3
08/03/2020,16,88.7,22.51,26.06,21.54
09/03/2020,17.33,56.4,23.6,26.8,28.4
10/03/2020,17.66,45.33,25.08,27.15,53.46
11/03/2020,15.66,88.7,21.52,24.86,25.75
12/03/2020,14.7,97.33,19.83,23.33,17.83
13/03/2020,16,63.7,19.1,22.73,24.1
14/03/2020,17.33,61.7,19.4,23.4,31.2
15/03/2020,18.7,63.33,19.7,23.6,33.33
16/03/2020,16,56.66,18.54,23.2,35
17/03/2020,16.7,53,16.9,23.96,34.05
18/03/2020,17.33,52.33,19.3,26.23,41.31
19/03/2020,17.66,47,18.04,23.8,32.46
20/03/2020,18.33,42.33,16.96,19.43,19.74
21/03/2020,17.2,54.8,16.8,19.31,20.4
22/03/2020,16.8,70,16.6,19.4,22.6
23/03/2020,16.6,83.6,16.5,19.21,17.8
24/03/2020,16.33,94.66,16.1,19.5,16.67
25/03/2020,17.33,87.7,15.36,18.86,21.8
26/03/2020,17.7,59,14.26,14.93,18.97
27/03/2020,17.7,96,12.93,13.3,16.17
28/03/2020,17.33,88,11.8,14.4,10.9
29/03/2020,17.13,75.3,12.6,15.2,13.6
30/03/2020,16.8,68.1,10.6,13.6,14.4
01/04/2020,18.3,88,8.14,11.63,9.63
02/04/2020,18.8,46,8.47,11.24,12.6
03/04/2020,19,87,9.24,12.6,11.43
04/04/2020,18,52,10.3,12.47,11.61
05/04/2020,18.8,87,9.87,12.35,12.46
06/04/2020,19,37,8.93,14.6,14.63
07/04/2020,20,43,10.3,13.8,12.4
08/04/2020,21,45,10.5,13.93,21.3
09/04/2020,18.33,54.33,11.4,14.06,19.54
10/04/2020,18.8,50.33,9.61,13.4,18.63
11/04/2020,18.3,42.6,9.45,13.16,15.34
12/04/2020,19.7,38.33,10.23,12.86,24.04
13/04/2020,19.66,53.6,10.6,13.66,16.34
14/04/2020,18.66,55.3,10.42,14.13,14.79
15/04/2020,19.33,62.3,9.88,13.72,13.75
16/04/2020,19.11,78.1,9.53,14.37,14.62
17/04/2020,19,97.33,9.26,11.4,15.45
18/04/2020,19.33,63,8.92,10.06,12.84
19/04/2020,20,46.7,8.46,10.11,13.52
20/04/2020,19.33,53.7,9.93,12.83,18.47
21/04/2020,20.33,49.6,10.18,13.6,19.11
22/04/2020,20.66,45,10.06,12.82,21.33
23/04/2020,19.66,50,11.34,13.68,20.6
24/04/2020,20.11,48,10.66,14.71,19.22
25/04/2020,20.33,100,10.78,15.23,18.6
26/04/2020,19.66,67.33,9.4,11.63,23.89
27/04/2020,20.33,88.7,9.36,12.84,20.9
28/04/2020,20.33,55.33,13.34,15.46,30.69
29/04/2020,20.4,44,12.83,15.81,26.32
30/04/2020,20.66,38,12.61,16.56,26.06
01/05/2020,23,37,8.73,11.72,27.62
02/05/2020,23.3,30,7.4,11.63,24.3
03/05/2020,22.5,28,8.24,11.81,22.3
04/05/2020,24.5,54.3,10.3,15.7,18.3
05/05/2020,22.5,44,12.6,14.9,16.4
06/05/2020,25,33,13.74,14.78,11.47
07/05/2020,26.5,27,14.31,16.2,11.52
08/05/2020,27.5,43.7,11.34,14.56,19.43
09/05/2020,25,48,10.92,13.7,20.03
10/05/2020,27.5,55.6,11.86,13.51,20.85
11/05/2020,22.33,76.3,11.53,12.86,20.13
12/05/2020,23,78,11.83,14.7,22.27
13/05/2020,28.5,53,12.6,16.3,11.47
14/05/2020,22.5,40,13.11,17.6,22.6
15/05/2020,23,38,13.22,17.2,13.5
16/05/2020,28,31,14.3,15.37,16.2
17/05/2020,22.5,45,14.6,14.3,15.45
18/05/2020,26.3,40,15.8,10.06,16.37
19/05/2020,24.33,59,16.28,18.89,29.35
20/05/2020,26.5,53.7,9.93,12.83,28.57
21/05/2020,28.5,49.6,10.18,13.6,27.36
22/05/2020,30.5,35,11.6,12.82,31.4
23/05/2020,29.5,78,10.88,13.68,21.8
24/05/2020,29,66,11.73,14.71,29.64
25/05/2020,31.5,50,10.51,23.6,23.8
26/05/2020,32.1,39,11.9,16.8,18.43
27/05/2020,32,44,13.6,18.1,20.11
28/05/2020,31.5,58.33,13.34,17.54,18.45
29/05/2020,29.5,63,12.83,15.81,26.32
30/05/2020,28.6,48,12.61,16.6,17.8
31/05/2020,29.5,45,14.4,17.33,16.23
01/06/2020,29,37,8.73,11.72,23.62
02/06/2020,31.3,30,7.4,11.63,20.8
03/06/2020,29.5,28,8.24,11.81,22.3
04/06/2020,30.33,54.3,10.3,15.7,18.3
05/06/2020,33.3,44,12.6,14.9,16.4
06/06/2020,31.5,33,13.74,14.78,13.2
07/06/2020,33.4,27,14.31,16.2,12.61
08/06/2020,31.5,43.7,11.34,14.56,17.5
09/06/2020,25,48,10.92,13.7,18.3
10/06/2020,27.5,55.6,11.86,13.51,18.8
11/06/2020,31,76.3,11.53,12.86,20.13
12/06/2020,30.6,78,11.83,14.7,16.3
13/06/2020,32.5,53,12.6,16.3,15.41
14/06/2020,31.8,40,13.11,17.6,13.66
15/06/2020,31.33,38,13.22,17.2,18.6
16/06/2020,30,15,16,22.23,21.3
17/06/2020,30.33,15.7,16.53,22.82,21.45
18/06/2020,30.66,40,15.8,10.06,20.13
19/06/2020,32.4,59,16.28,18.89,18.22
20/06/2020,34,53.7,9.93,12.83,19.8
21/06/2020,31.33,49.6,10.18,13.6,27.3
22/06/2020,32.5,35,11.6,12.82,33.8
23/06/2020,32,47.66,15.4,21.09,22.74
24/06/2020,33.5,50,10.3,14.5,20.6
25/06/2020,32.8,58,14.7,15.3,20.38
26/06/2020,33,56,13.8,16.5,21.46
27/06/2020,32,78,14.31,16.2,15.8
28/06/2020,31,83,11.88,15.11,15.4
29/06/2020,33.3,53,13.1,14.6,19.3
30/06/2020,32.7,38,14.2,14.87,22.86
01/07/2020,30.3,35,15.73,14.2,21.3
02/07/2020,32.7,31.7,17.1,20.07,27.13
03/07/2020,33,56,16.8,13.1,20.4
04/07/2020,31.33,88,14.66,15.7,15.3
05/07/2020,33.3,65,15.8,14.4,16.22
06/07/2020,33.5,55,16.43,19.77,22.6
07/07/2020,34.5,51,18.6,24.8,27.8
08/07/2020,34,49,16.8,22.35,33.76
09/07/2020,34.33,44.33,23.64,20.04,34.6
10/07/2020,32.33,45,20.5,22.7,23.7
11/07/2020,31,88,19.88,23.8,22.4
12/07/2020,31.33,69,16.73,19.6,16.3
13/07/2020,33.7,36.33,13.44,15.5,16.4
14/07/2020,33,48,18.6,21.44,18.6
15/07/2020,31.27,66.7,13.88,17.21,24.25
16/07/2020,33.66,62.33,13.5,16.7,26.7
17/07/2020,30,80,20.6,28.9,33.8
18/07/2020,31,56,27.5,39.4,40.88
19/07/2020,32,69,21.33,37.8,32
20/07/2020,33.3,42,20.7,35.88,31.6
21/07/2020,34,39,21.43,34.74,30.9
22/07/2020,33.6,45,22.1,33.6,28.4
23/07/2020,31.3,48,19.6,33.31,27.6
24/07/2020,32.2,52,24.66,35.2,36.7
25/07/2020,30.3,86,22.8,31.6,30.8
26/07/2020,32.7,78.71,16.24,20.1,26.96
27/07/2020,33.3,66.7,17.93,25.86,34.96
28/07/2020,33.3,70.33,19.43,26.2,31.4
29/07/2020,32,68,16.93,21.83,28.9
30/07/2020,32.7,73,19.2,26.44,30.7
31/07/2020,34,66,18.7,25.88,28.6
01/08/2020,33,65,17.93,24.83,25.6
02/08/2020,33.7,62,20.6,28.7,27.9
03/08/2020,34,58,18.7,29.6,28.33
04/08/2020,33,48,17.6,28.77,26.8
05/08/2020,34,50,19.6,30.6,29.3
06/08/2020,35,51,18.9,25.8,20.6
07/08/2020,29,57,18.3,26.1,21.9
08/08/2020,32,61,17.6,24.6,22.5
09/08/2020,31,65,17.5,26.4,21.3
10/08/2020,32,96.7,17.3,21.16,20.03
11/08/2020,31,80.7,19.54,24.03,30.6
12/08/2020,31,85.33,21.53,25.03,29.56
13/08/2020,33,63,24.9,33.6,31.3
14/08/2020,35,59,26.4,36.7,32.6
15/08/2020,34,43,20.6,27.3,40.8
16/08/2020,33.7,63,18.8,33.6,41.6
17/08/2020,35,70,21.6,24.9,23.4
18/08/2020,34,82,20.1,25.1,20.6
19/08/2020,35,70,21.6,24.5,19.2
20/08/2020,34,82,18.2,23.21,17.66
21/08/2020,33.7,56,18.4,23.6,18.1
22/08/2020,33.3,63,19.7,24.9,18.72
23/08/2020,34,59.33,15.3,18.27,17.52
24/08/2020,33.7,68,19.19,24.4,27.8
25/08/2020,32.7,88.33,19.5,26.8,28.5
26/08/2020,30.66,90.7,18.66,23.93,15.25
27/08/2020,29,92,12.86,16.64,5.46
28/08/2020,33,88,17.3,22.4,12.6
29/08/2020,31,86,16.8,20.6,11.7
30/08/2020,32,80,17.9,22.6,13.2
31/08/2020,33,70,18.6,24.6,14.91
01/09/2020,30,68,20.11,25.2,22.1
02/09/2020,32,63,18.7,24.7,20.3
03/09/2020,31,77,18.2,24.41,19.1
04/09/2020,32,83,18.5,27.4,18.6
05/09/2020,31,75,19.7,28.66,19.4
06/09/2020,30,61.33,15.36,19.77,11.94
07/09/2020,29,55.33,16.36,19.73,13.5
08/09/2020,32,52,22.8,21.16,22.6
09/09/2020,32,54,23.2,24.03,27.1
10/09/2020,31,59,25.8,38.7,28.7
11/09/2020,31,64,19.54,24.03,26.4
12/09/2020,33,55,23.7,26.7,29.3
13/09/2020,32.3,66,26.42,30.6,34.2
14/09/2020,33,58,25.6,29.4,31.9
15/09/2020,34,62,26.4,28.6,31.4
16/09/2020,34,59,27.1,32.7,34.2
17/09/2020,34.5,66,26.4,32.5,33.1
18/09/2020,34.7,47,24.3,30.8,25.9
19/09/2020,34.5,41,23.7,28.9,23.4
20/09/2020,34,64,24.8,29.6,25.3
21/09/2020,34.3,44,25.71,31.6,29.4
22/09/2020,34,44,27.53,33.2,32.8
23/09/2020,33,48,22.3,25.8,18.7
24/09/2020,30,44.33,19.73,24.3,19.35
25/09/2020,30,55,17.8,24.2,18.9
26/09/2020,31.3,44,15.3,21.4,14.5
27/09/2020,29.33,42,21.4,26.26,26
28/09/2020,30.3,39,22.24,31.2,29.93
29/09/2020,30,36,20.6,29.5,24.6
30/09/2020,29,37,18.6,24.7,20.8
01/10/2020,29,38,20.11,25.2,26.8
02/10/2020,29.3,29,23.2,28.4,31.43
03/10/2020,29,30,21.7,25.2,27.5
04/10/2020,28.5,31,20.6,25.8,25.4
05/10/2020,28,34,21.11,25.4,26.9
06/10/2020,28.5,21,18.6,22.3,18.78
07/10/2020,29,24,17.1,18.8,16.5
08/10/2020,28,26,18.9,23.2,22.6
09/10/2020,28.5,28,23.7,33.1,27.6
10/10/2020,28.3,31,26.3,34.5,30.1
11/10/2020,28.1,32,19.54,32.4,29.7
12/10/2020,28,33,23.7,33.6,31.4
13/10/2020,28,34,24.3,36.1,33.9
14/10/2020,27.5,27,24.1,27.3,29
15/10/2020,27,22,24.7,29.2,31
16/10/2020,27,23,23.5,28.1,27.4
17/10/2020,27,21,26.4,32.5,33.1
18/10/2020,26.5,23,24.3,30.8,26.3
19/10/2020,26,25,26.4,32.9,34.9
20/10/2020,26,30,23.8,28.6,29.4
21/10/2020,25,32,25.71,32.4,42
22/10/2020,24,33,38.3,49.6,59.3
23/10/2020,23,52,44.2,51.2,62.1
24/10/2020,23,27,47.8,56.7,68.51
25/10/2020,22.5,28,28.9,32.8,35.8
26/10/2020,22,22,27.8,33.4,36.9
27/10/2020,22,28,35.4,40.8,43
28/10/2020,21,27,36.6,39.22,42.8
29/10/2020,20,31,37.3,40.4,43.7
30/10/2020,21,32,33.8,35.3,32.4
01/11/2020,20.5,32,20.11,25.2,33.5
02/11/2020,21,33,23.2,28.4,27.6
03/11/2020,20.3,27,21.7,25.2,36.4
04/11/2020,19.5,24,26.7,30.8,34.2
05/11/2020,19,20,32.8,44.9,45.7
06/11/2020,18.3,28,33.2,41.8,44.8
07/11/2020,18.5,32,33.8,43.2,45.8
08/11/2020,19.3,37,38.4,47.6,48
09/11/2020,18.3,44,39.8,49.2,54
10/11/2020,18,59,42.5,51.7,63
11/11/2020,18.3,35,44.6,57.4,64.1
12/11/2020,17.5,40,45.7,56.81,62.3
13/11/2020,17,39,45.23,51.3,53.7
14/11/2020,16,77,29.7,33.4,35
15/11/2020,15,100,28.6,31.8,33.7
16/11/2020,16.3,93,18.8,22.4,17.8
17/11/2020,16.5,65,21.3,24.5,23.4
18/11/2020,17.5,50,25.2,28.1,30.9
19/11/2020,18.3,43,28.9,32.2,33.6
20/11/2020,18.5,38,37.6,45.3,47.8
21/11/2020,18.33,35,38.4,48.6,48.3
22/11/2020,17.8,37,35.1,50.2,39.8
23/11/2020,17,39,31.6,40.2,33.9
24/11/2020,16.5,42,36.2,44.8,37.9
25/11/2020,16.8,63,26.4,31.9,34.1
26/11/2020,15.5,46,31.8,37.6,39.7
27/11/2020,15.8,55,22.11,28.2,26.4
28/11/2020,14.5,64,25.2,29.4,28.3
29/11/2020,14.8,70,26.7,30.2,32.8
30/11/2020,16,55,33.4,38.1,40.5
01/12/2020,17.3,38,19.2,26.2,48.9
02/12/2020,16.5,33,23.6,37.1,59.7
03/12/2020,16,39,18.21,35.2,44.7
04/12/2020,15,87,25.3,35.5,57.8
05/12/2020,15.5,60,16.8,29.4,44
06/12/2020,15.3,56,17.81,31.2,45.7
07/12/2020,14.5,66,31.4,36.1,58.3
08/12/2020,13,81.33,21.36,29.63,26.7
09/12/2020,13.66,86.7,29.53,40.76,43.03
10/12/2020,14,73,31.3,34.2,37.4
11/12/2020,13,87,19.8,33.7,36
12/12/2020,11,100,13.6,15.3,12.9
13/12/2020,10,88,19.2,23.8,25.9
14/12/2020,9.3,90,32.6,42.4,43.6
15/12/2020,9,92,39.5,49.3,53
16/12/2020,9,69,33.9,43.6,40.8
17/12/2020,8,65,33.4,38.9,34.3
18/12/2020,9.7,44.33,17.5,26.5,47.8
19/12/2020,9.6,32.6,25.36,34.73,53.14
20/12/2020,9.3,40,24.8,35.6,61.31
21/12/2020,9.2,39.33,25.63,35.26,62.76
22/12/2020,9.3,46.6,20.8,29.36,63.76
23/12/2020,9.3,63.7,23.4,35.46,66.21
24/12/2020,8.3,62,25.3,39.6,74.3
25/12/2020,8,63,27.6,40.3,82.3
26/12/2020,7,82,22.4,35.1,58
27/12/2020,7,95,23.3,33.06,71.93
28/12/2020,7.6,80,20.17,28.83,47.86
29/12/2020,7.66,62.33,21.03,33.8,55.83
30/12/2020,6,69,24.8,36.77,68.8
31/12/2020,6,58,21.22,34.6,57.66
01/01/2021,11.43,65.03,49.9,55.94,133.97
02/01/2021,14,72,13.6,23.5,68.3
03/01/2021,13.33,80,13.64,22.46,53.2
04/01/2021,14,48.7,17.72,20.47,56.05
05/01/2021,13.33,51.66,20.04,20.79,69.7
06/01/2021,13.7,56,27.03,21.73,93.38
07/01/2021,13.5,50.33,28.35,22.39,100.34
08/01/2021,13,47.3,26.4,23.4,80.95
09/01/2021,12,43.5,25.8,21.5,85.7
10/01/2021,11.66,42,27.74,22.49,120.5
11/01/2021,11,49.66,25.51,21.92,96.06
12/01/2021,10,57.7,19.88,22.21,91.18
13/01/2021,9.7,46.66,23.97,22.39,129.58
14/01/2021,9,52.66,13.82,20.19,73.88
15/01/2021,9.5,64,14.6,21.3,73.4
16/01/2021,9.33,60,22.97,22.14,111.9
17/01/2021,9.5,56.3,27.8,23.5,149.4
18/01/2021,9.33,59,27.97,20.64,156.2
19/01/2021,11.33,52.66,43.44,19.88,198.96
20/01/2021,11,54,39.98,21.25,182.1
21/01/2021,10.66,57.66,39.43,21.78,156.53
22/01/2021,10,54.6,29.78,22.28,119.9
23/01/2021,9.5,63,29.14,22.31,142.8
24/01/2021,9.33,74.7,25.02,22.55,107.37
25/01/2021,8.33,79,17.55,22.64,57.11
26/01/2021,9.2,61,24.03,21.69,84.79
27/01/2021,9,63,20.9,19.99,87.6
28/01/2021,8.5,69,23.4,20.5,85.9
29/01/2021,8.3,58,22.9,21.74,86.2
30/01/2021,20,50,5.6,18.33,31.82
31/01/2021,19.33,49.66,9.923,17.62,47.9
01/02/2021,19.5,50,15.67,19.86,78.37
02/02/2021,18.33,56,13.56,18.83,60.92
03/02/2021,18,75,15.4,19.66,62.68
04/02/2021,18,53,16.3,19.7,64.45
05/02/2021,17.5,42,15.67,19.66,58.52
06/02/2021,17.5,39,14.6,21.4,55.69
07/02/2021,17,37,8.7,19.3,36.98
08/02/2021,16.8,30,8.31,20,38.8
09/02/2021,16.5,33,9.66,20.32,44.6
10/02/2021,16,31,9.21,19.67,39.6
11/02/2021,16,28,10.68,20.4,48.6
12/02/2021,16,27,12.4,23.6,51.92
13/02/2021,15.8,31,9.42,19.88,38.8
14/02/2021,15.5,35,10.9,20.57,47.8
15/02/2021,15.3,29,12.8,21,56.7
16/02/2021,15.33,32,12.4,20.59,51.78
17/02/2021,15,33,14.77,21.38,58.6
18/02/2021,15.3,30,15.73,22.3,61.3
19/02/2021,14.8,43,13.8,23.54,59.8
20/02/2021,14.8,58,13.46,22.6,54.9
21/02/2021,15,49,12.5,21.6,47.6
22/02/2021,15.5,46,13.33,23.4,53.6
23/02/2021,16,44,14.6,24.5,62.87
24/02/2021,16.3,45,15.33,25.6,65.9
25/02/2021,16.5,47.6,18.4,27.6,68.2
26/02/2021,16.17,48.86,28.97,22.8,49.45
27/02/2021,15,50.3,19.4,21.6,48.66
28/02/2021,14.6,51.2,19.6,23.14,51.84
01/03/2021,28,34,7.3,11.8,10
02/03/2021,29,39,6,12.6,13.6
03/03/2021,28,49,9.2,15.8,15
04/03/2021,29,43,8.3,14.2,11.5
05/03/2021,30,45,11.9,16.8,23.8
06/03/2021,30,32,14,20.3,34.6
07/03/2021,31,44,14.2,23.6,35.8
08/03/2021,32,29,13.4,22.4,33.4
09/03/2021,32,27,14.6,24.1,36.9
10/03/2021,34,26.7,18.86,21.4,33.6
11/03/2021,33,50,9.8,22.6,38
12/03/2021,32,48,6.9,13.2,20.6
13/03/2021,32,45,8.6,12.7,15.3
14/03/2021,33,52,11,15.8,25
15/03/2021,32,25,12.6,14.3,17.2
16/03/2021,31,55,6.3,12.22,11.6
17/03/2021,32,33,6.88,14.3,14.5
18/03/2021,32,22,12.3,20.1,23
19/03/2021,32,31,8.9,18.3,18.6
20/03/2021,31,30,7.4,15.6,15.4
21/03/2021,31,35,6.8,12.3,19.5
22/03/2021,32,31,7.3,16.3,13.4
23/03/2021,32,30,8.9,17.6,16.2
24/03/2021,33,18,7.9,16.8,14.6
25/03/2021,34,59,6.2,15.6,13.2
26/03/2021,31,40,6.3,12.2,10
27/03/2021,32,49,5.7,13.8,13.9
28/03/2021,34,46,6.88,15.6,18.7
29/03/2021,35,20,7.2,16.44,19.5
30/03/2021,36,16,9.6,17.5,23.5
31/03/2021,26,66,7.1,12.4,17
01/04/2021,27,56,8.2,13.2,17.6
02/04/2021,27,78,9.6,17.6,34.6
03/04/2021,26.7,72.7,6.1,12,17.5
04/04/2021,26.5,70,8.3,15.3,25.2
05/04/2021,26,61,6.4,11.88,16.3
06/04/2021,27,35,10.1,19.1,37.2
07/04/2021,26.5,83,6.5,15.7,26.4
08/04/2021,27,70,7.4,16.3,28.7
09/04/2021,27,78,8.67,17.73,33.2
10/04/2021,28,70,9.1,18.9,33.8
11/04/2021,28,79,7.71,18.4,31.9
12/04/2021,27,56,5.4,11.2,17.9
13/04/2021,27,50,4.33,9.66,15.2
14/04/2021,26,78,4.24,9.1,12.3
15/04/2021,26,49,6.1,10.3,15
16/04/2021,25,58,8.6,13.4,33.8
17/04/2021,25,47,10.52,14.6,34.6
18/04/2021,26,68,8.9,13.2,31.5
19/04/2021,27,49,7.2,12.4,16
20/04/2021,28,54,6.1,11.7,15.2
21/04/2021,28,63.33,6.26,9.03,12.3
22/04/2021,28.6,83,8.3,11.3,16.4
23/04/2021,28,66,9.77,13.7,20.2
24/04/2021,29,73,12.4,17.6,36.2
25/04/2021,30,58,12.73,17.9,37.9
26/04/2021,29,59,11.6,19.1,39.6
27/04/2021,28,48,4.6,8.65,12.6
28/04/2021,26.7,83.33,8.17,10.03,19.54
29/04/2021,25.7,85,5.88,9.3,13.6
30/04/2021,26,63,9.6,13.4,19
01/05/2021,6,26,19.2,26.2,48.9
02/05/2021,6,68,23.6,37.1,56.4
03/05/2021,6,96,18.21,31.6,38.3
04/05/2021,6,88,20.9,32.4,44.9
05/05/2021,11,100,13.72,21.9,23.61
06/05/2021,8.6,79.33,14.46,21.8,24.76
07/05/2021,9,57,22.03,32.96,41.9
08/05/2021,8,86,25.8,40.6,59.2
09/05/2021,7,71,24.6,41.5,57.6
10/05/2021,8,62.7,31.7,41.36,61.55
11/05/2021,8.5,71.33,37.92,45.65,74.82
12/05/2021,8.3,56.33,37.8,40.43,57.8
13/05/2021,8,56.33,29.26,39.06,60.57
14/05/2021,8.5,63,32.6,42.6,71.4
15/05/2021,8,62,33.7,40.3,68.9
16/05/2021,8.3,56,34.6,42.8,73.4
17/05/2021,9,51.33,33.58,43.16,78.44
18/05/2021,8,42,34.6,43.21,76.8
19/05/2021,9,48.66,32.63,41.15,59.58
20/05/2021,9.6,39,32.06,40.77,56.42
21/05/2021,9,43,33.4,40.1,56.3
22/05/2021,8,61,19.8,26.8,40.8
23/05/2021,8,68,20.77,27.2,42.9
24/05/2021,8.5,48,21.8,25.9,44.9
25/05/2021,8,38,25.4,30.3,49.5
26/05/2021,9.33,45.7,31.18,39.4,57.79
27/05/2021,8.3,37,24.7,29.4,46.5
28/05/2021,9,43,25.4,31.2,48.3
29/05/2021,8,35,22.6,28.7,43.8
30/05/2021,9,52,24.31,31.2,46.42
31/05/2021,8.3,62,26.26,36.8,58.7
01/06/2021,20,30,16.2,23.6,17
02/06/2021,19.66,39.66,13.73,19.43,16.43
03/06/2021,19.7,41,19.02,23.76,22.13
04/06/2021,20,42,21.6,29.7,27
05/06/2021,21,29,22.3,28.7,27.66
06/06/2021,22,38,16.8,22.5,22.1
07/06/2021,21,84,8.5,12.73,9.2
08/06/2021,24,52,12.3,19.5,14.6
09/06/2021,22,42,13.2,21.6,14.77
10/06/2021,23,41,13.8,23.1,15.8
11/06/2021,22,48,18.1,24.1,19
12/06/2021,24,30,17.73,23.7,18.6
13/06/2021,24,41,17.84,25.4,19.4
14/06/2021,25,36,22.8,30.1,26.7
15/06/2021,24,85,13.5,19.6,16.4
16/06/2021,23,88,15.6,18.9,14.2
17/06/2021,23,84,13.5,17.3,9.8
18/06/2021,24,68,14.3,18.6,11
19/06/2021,24,38,15.22,19.8,13.5
20/06/2021,23,55,14.8,23.1,16
21/06/2021,22.5,51,9.3,13.6,9.6
22/06/2021,22,96,9.1,12.2,7.3
23/06/2021,23,52,10.8,15.3,10.4
24/06/2021,24,46,13.4,18.8,11.8
25/06/2021,24,37,16.7,19.7,14.6
26/06/2021,25,31,18.5,24.6,17.8
27/06/2021,27,30,15.8,22.8,14.6
28/06/2021,27,27,16.92,25.2,17.55
29/06/2021,27.5,30,15.7,18.5,16.4
30/06/2021,28,59,17.11,20.4,18.2
01/07/2021,23,57,15.7,20.3,16.7
02/07/2021,23,59,16.8,22.8,18.6
03/07/2021,23,38,18.9,25.9,23.6
04/07/2021,23.7,60,20.3,26.8,33
05/07/2021,24,56,14.5,17.6,20.3
06/07/2021,24,41,16.3,20.11,22
07/07/2021,24,37,16.5,20.4,21
08/07/2021,24,32,15.6,19.1,19.2
09/07/2021,24,29,13.33,17.4,18
10/07/2021,24.5,30,13.6,17,18.4
11/07/2021,25,31,13.8,17.7,17.88
12/07/2021,25,28,14.1,16.7,18.2
13/07/2021,25,25,12.5,13.6,16.4
14/07/2021,24.5,27,12.7,18.3,18.7
15/07/2021,25,44,12.66,16.7,15.6
16/07/2021,25.5,32,13.2,15.1,16.8
17/07/2021,26,33,13.5,16.7,18.3
18/07/2021,26,64,13.24,16.8,16.5
19/07/2021,26,40,9.11,17.3,18.8
20/07/2021,26,32,17.3,20.8,31.2
21/07/2021,26.5,35,9.6,13.9,13.4
22/07/2021,27,43,8.6,14.7,14.3
23/07/2021,27,35,8.91,14.6,12.6
24/07/2021,27,27,9.2,13.6,12.2
25/07/2021,27,26,9.4,16.9,11.7
26/07/2021,27.33,82,18.89,22.33,18.3
27/07/2021,28,18,18.6,23.4,20.8
28/07/2021,28,37,18.88,24.7,26.3
29/07/2021,28,49,20.6,26.4,30.2
30/07/2021,28,41,17.3,21.3,22.6
31/07/2021,28,49,15.4,20.2,19
01/08/2021,25,70,7.1,13.68,18
02/08/2021,26,60,8.2,134,17
03/08/2021,27,,9.3,13.77,19.3
04/08/2021,28,45,10.9,14.6,254
05/08/2021,28,48,12.34,14.93,28.3
06/08/2021,27,58,13.48,17.8,33.7
07/08/2021,26.5,80,13.87,19.3,37.4
08/08/2021,26,84.7,9.97,11.21,21.06
09/08/2021,27,83,7.9,13.2,14.8
10/08/2021,26.5,85,9.6,10.8,7.43
11/08/2021,27.3,71,7.82,9.2,5.8
12/08/2021,27.8,70,8.31,12.8,18.9
13/08/2021,27,86,8.88,11.8,15.88
14/08/2021,27.8,80,9.2,14.3,19.8
15/08/2021,28,44,7.6,13.77,15.4
16/08/2021,28.33,47.66,10.92,19.67,31.58
17/08/2021,28,78,9.8,19.42,30.8
18/08/2021,28.3,73,10.43,25.4,37.83
19/08/2021,28,,10.1,22.7,34.8
20/08/2021,27,73,11.8,21.3,30.1
21/08/2021,27,79,9.7,12.6,21.3
22/08/2021,26.8,86,9.55,13.8,20.2
23/08/2021,27.7,76.33,6.24,11.1,12.96
24/08/2021,27,62,6.8,13.4,16.9
25/08/2021,27.8,83,7.8,13.72,17.5
26/08/2021,27.33,59.33,6.93,10.66,20.2
27/08/2021,28,62,9.7,23.46,34.8
28/08/2021,28.33,53.66,8.8,17.73,32.36
29/08/2021,29,57,12.6,17.5,33.41
30/08/2021,29.5,72,14.6,23.9,42.91
31/08/2021,41,15,8.9,19.6,32.9
01/09/2021,40,20,5.7,13.8,31
02/09/2021,40,30,6.88,15.6,10
03/09/2021,38,45,7.2,16.44,20
04/09/2021,38,38,9.6,17.5,15.2
05/09/2021,37,35,7.6,19.2,20.6
06/09/2021,38,40,8.2,18.3,21
07/09/2021,39,18,7.6,17.2,18.6
08/09/2021,38,53,4,8.6,7.8
09/09/2021,37,56,4.3,10.2,9.5
10/09/2021,38,32,4.9,12.8,13.2
11/09/2021,37,51,3.8,11.77,9.88
12/09/2021,35,69,4.5,13.6,14.3
13/09/2021,31,64,3.8,9.6,8.78
14/09/2021,32,30,5.2,13,13.4
15/09/2021,32,62,3.92,11.8,11.3
16/09/2021,33,30,11.3,22.3,33.5
17/09/2021,32,48,13.2,27.9,40.6
18/09/2021,30,80,10.6,20.8,26.9
19/09/2021,29,86,7.6,18.7,20.4
20/09/2021,29,73,8.88,20.6,23.5
21/09/2021,29,61,8.6,18.3,18.6
22/09/2021,28,48,8.44,17.2,17.8
23/09/2021,28,55,6.8,14.6,18.6
24/09/2021,27,53,6.1,10.6,12.6
25/09/2021,27,58,7,10.8,11.3
26/09/2021,27,62,4.6,11.8,9.7
27/09/2021,26,94,5.3,10.2,8.6
28/09/2021,26,83,6.11,9.2,12.3
29/09/2021,26,68,7.2,11.4,12.6
30/09/2021,26,64,7.2,11.4,13.4
01/10/2021,28,76,16.3,17.3,28.3
02/10/2021,28,83,15.22,15.2,24.6
03/10/2021,27.5,70,10.6,11.8,12.5
04/10/2021,27,59,13.54,16.31,23.76
05/10/2021,26,66,7.22,12.1,12.3
06/10/2021,26,52,7.94,13.21,17.6
07/10/2021,25,79,11.3,15.23,23.66
08/10/2021,25,55,10.3,15.94,24.87
09/10/2021,24.5,70,13.71,18.3,30.6
10/10/2021,24,83,10.6,9.7,19.6
11/10/2021,24.8,59,6.21,8.99,10.3
12/10/2021,25,34,7.1,13.6,15.34
13/10/2021,25,50,8.22,14.1,22
14/10/2021,25.6,39,9.64,14.53,27.3
15/10/2021,26,31,7.88,13.87,19.84
16/10/2021,25.8,57,6.73,13.24,17.6
17/10/2021,25,83,6.4,13.7,18.2
18/10/2021,24,41,7.12,7.6,13.4
19/10/2021,24,47,6.82,12.77,15.87
20/10/2021,23.5,44,7.88,12.6,20.8
21/10/2021,23,34,9.42,15.4,32.78
22/10/2021,23,69,11.3,13.88,27
23/10/2021,22.8,72,7.2,11.3,19.66
24/10/2021,22.5,85,6.83,7.68,12.86
25/10/2021,22.3,64,7.33,9.6,18.65
26/10/2021,22,57,7.46,11.2,21.6
27/10/2021,21.8,53,7.62,11.73,23.4
28/10/2021,21.5,50,8.6,12.13,24.11
29/10/2021,21,35,8.22,10.64,22.5
30/10/2021,20.5,43,8.56,11.6,27.2
31/10/2021,20,48,8.15,9.68,22.3
01/11/2021,20,30,16.2,23.6,17
02/11/2021,19.66,39.66,13.73,19.43,16.43
03/11/2021,19.7,41,19.02,23.76,22.13
04/11/2021,20,42,21.6,29.7,27
05/11/2021,21,29,22.3,28.7,27.66
06/11/2021,22,38,16.8,22.5,22.1
07/11/2021,21,46,17.6,20.2,17.4
08/11/2021,20,74,18.93,21.6,20.6
09/11/2021,22,32,16.2,23.1,17.9
10/11/2021,21,48,14.3,22.4,16
11/11/2021,21,66,7.2,13.4,8.9
12/11/2021,20,60,8.7,15.6,12.3
13/11/2021,21,47,12.4,18.5,21.6
14/11/2021,21,36,11.8,18.9,22.9
15/11/2021,22,30,18.6,26.4,30.6
16/11/2021,22,43,19.4,27.3,33.8
17/11/2021,21,37,20.6,30.4,36.87
18/11/2021,21,35,22.3,32.9,39.4
19/11/2021,23,34,24.5,32.46,38.7
20/11/2021,22,58,21.7,27.4,26.3
21/11/2021,21,76,17.5,21.8,18.2
22/11/2021,20,82,7.3,12.6,12.8
23/11/2021,20,83,4.3,8.2,11.6
24/11/2021,19,73.66,10.6,15.6,10.04
25/11/2021,20,60,13.8,14.7,18.6
26/11/2021,21,37,14.7,23.1,20.4
27/11/2021,22,38,17.9,29.2,28.9
28/11/2021,22,60,15.4,26.8,23.6
29/11/2021,23,30,12.3,24.3,16.5
30/11/2021,23,32,16.4,20.9,19.6
01/12/2021,22,33,15.3,17.6,16.4
02/12/2021,8,54,19.2,30.5,62.7
03/12/2021,9.66,58.33,17.16,23.65,29.85
04/12/2021,9.5,48,16.3,19.6,18.9
05/12/2021,9,74,18.6,20.1,20.45
06/12/2021,10,63,19.3,22.4,32.8
07/12/2021,11,51,22.1,29.3,42.3
08/12/2021,11.5,48,27,35.4,61.2
09/12/2021,12,43,28.33,38.5,65.82
10/12/2021,11.8,39,31.22,44.6,71.35
11/12/2021,12.5,40,32.3,47.63,74.82
12/12/2021,13,41,22.4,37.4,53.4
13/12/2021,12,43,27.3,38.6,57.2
14/12/2021,13,39,26.11,37.11,52.9
15/12/2021,14,38,26.3,37.3,50.1
16/12/2021,15,44,32.1,48.6,75.4
17/12/2021,15,46,28.6,45.62,62.9
18/12/2021,16,39,27.33,41.33,58.6
19/12/2021,16.3,43,23.6,40.55,55.83
20/12/2021,16,36,27.8,44.2,59.44
21/12/2021,17,38,31.7,48.2,62.7
22/12/2021,16,42.7,26.03,44.7,59.44
23/12/2021,16,54,27.88,42.61,52.68
24/12/2021,17.5,46,28.4,43.35,55.63
25/12/2021,18,38,25.61,36.4,44.67
26/12/2021,18,36,21.3,34.3,43.2
27/12/2021,19,40,22.6,38.5,46.3
28/12/2021,19,41,18.9,22.6,18.5
29/12/2021,20,32,18.11,23.6,20.1
30/12/2021,15,31.4,29.3,40.2,100.6
31/12/2021,14.5,43.6,32.2,41.3,94.3
01/01/2022,29.63,62,4.7,8.4,18.9
02/01/2022,26.13,70,3.6,7.17,15.73
03/01/2022,28.07,68.33,5.3,8,18.17
04/01/2022,29.37,66.67,6.6,8.23,21.1
05/01/2022,29.7,66.7,3.62,15.96,22.73
06/01/2022,29,73,3.73,16.4,21
07/01/2022,28,74,3.5,14.2,18.3
08/01/2022,27.33,76.33,3.38,11.47,11.93
09/01/2022,27.7,74,3.42,12.36,18.2
10/01/2022,28,66.7,3.36,13.43,22.06
11/01/2022,28.7,66.33,3.62,13.16,21.98
12/01/2022,28.7,67.7,2.83,13.03,21.3
13/01/2022,28,84,3.02,11.7,18.7
14/01/2022,27,76,2.75,11.4,15.8
15/01/2022,27.7,57.33,3.23,12.03,18.93
16/01/2022,28,58,3.36,12.3,26.2
17/01/2022,28.3,57,3.31,13.2,23.24
18/01/2022,28.7,60,3.45,12.67,21.6
19/01/2022,29,59,3.93,16.42,34.06
20/01/2022,30,63,4.51,19.6,43.2
21/01/2022,28.5,75,4,16.4,18.7
22/01/2022,26.7,74.7,3.51,14.23,17.6
23/01/2022,26.7,70,3.55,13.34,21.49
24/01/2022,27.66,62.66,3.96,15.2,30
25/01/2022,28.33,57,4,16.3,28
26/01/2022,28,51.7,3.62,16.65,28
27/01/2022,29,47,3.7,17.4,32
28/01/2022,31,68,3.72,12.4,11.5
29/01/2022,31.5,66,3.6,13.6,15.6
30/01/2022,31.7,61.7,4.02,16.03,28.2
31/01/2022,30.33,72,3.81,12.23,16
01/02/2022,30.7,82.7,3.94,13.15,30.8
02/02/2022,30,72,3.96,13.4,24
03/02/2022,30.33,56,3.78,11.6,21
04/02/2022,31,58,4.07,13.4,24
05/02/2022,31.5,61,3.87,13.12,22
06/02/2022,31,73,4.13,12.5,24
07/02/2022,30.5,76,4.05,13.1,27
08/02/2022,30.33,77.66,3.89,12.4,19.33
09/02/2022,28.33,84.33,3.43,11.42,12
10/02/2022,29.33,73.7,3.47,11.63,13.7
11/02/2022,28.5,78,3.2,11.2,12.6
12/02/2022,30,69,3.24,10.4,10
13/02/2022,30.33,62.7,3.41,12.32,20.56
14/02/2022,32,61,3.24,12.95,21
15/02/2022,33,64,3.3,12.56,16
16/02/2022,28.7,87,3.23,12.43,14.33
17/02/2022,28.33,88.33,3.24,11.7,9.66
18/02/2022,28,77,3.3,10.45,10
19/02/2022,28.5,64,3.51,10.6,13.9
20/02/2022,27.66,50.33,3.91,13.07,15.76
21/02/2022,30,83,3.63,12.3,23
22/02/2022,29,81,3.54,11.12,15.33
23/02/2022,27.33,83,3.62,10.71,15.66
24/02/2022,27,85.7,3.64,12.52,21.33
25/02/2022,26,98,3.05,11.2,12
26/02/2022,26.5,92,3.45,11.47,20
27/02/2022,26,89,2.87,9.88,8.66
28/02/2022,16.66,61,11.15,20.96,38.34
01/03/2022,16,74.33,11.95,22.88,54.22
02/03/2022,16.33,82,9.63,21.7,34.53
03/03/2022,16.5,68,10.98,23.8,42.33
04/03/2022,16,76.3,12.6,26.4,73.4
05/03/2022,15.33,83.33,10.07,19.7,32.38
06/03/2022,16.7,36,9.46,16.6,20.95
07/03/2022,17.33,62.66,7.85,15.4,33.7
08/03/2022,18.66,67,4.88,19.82,33.53
09/03/2022,19,66,4.88,25.96,32.13
10/03/2022,19.5,59,7.6,26.4,47.3
11/03/2022,19.7,54,8.57,30.6,58.73
12/03/2022,21,58,7.36,19.78,32.99
13/03/2022,21,36,11.8,18.9,22.9
14/03/2022,22,30,18.6,26.4,30.6
15/03/2022,22,43,19.4,27.3,33.8
16/03/2022,21,37,20.6,30.4,36.87
17/03/2022,22.3,39,17.6,28.3,38.64
18/03/2022,23,41,16.53,26.4,33.5
19/03/2022,23.33,37,15.6,26.82,36.4
20/03/2022,23.5,38,14.7,19.2,34.68
21/03/2022,24,40,14.33,19.6,33.5
22/03/2022,24.5,43,13.1,19.3,33.2
23/03/2022,25.2,49.2,9,20.14,28.27
24/03/2022,25,43.2,12.66,27.33,26.11
25/03/2022,25.3,41.6,12.82,28.4,26.74
26/03/2022,26.66,39.33,14.64,31.79,27.8
27/03/2022,26,37.66,15.73,34.72,50.81
28/03/2022,26.66,37.66,13.48,35.36,63.72
29/03/2022,26.7,39,14.97,36.93,69.69
30/03/2022,27,31.66,11.03,37.73,53.46
31/03/2022,27.6,65,2.8,12.2,12.8
01/04/2022,27,74.66,2.73,11.63,12.66
02/04/2022,27,72,2.73,13.47,23
03/04/2022,27.6,56.6,2.73,13.13,18
04/04/2022,28,51.33,2.91,13.76,25.7
05/04/2022,26.33,64,2.8,13.83,14.26
06/04/2022,27,58,2.94,14.7,17
07/04/2022,26,60,3.3,15.6,21.2
08/04/2022,25,62,4.05,18,29.53
09/04/2022,24.33,65,4.23,21.12,32.33
10/04/2022,24,70.33,4.31,21.65,31.7
11/04/2022,24,61.33,3.83,17.33,19
12/04/2022,23.5,57,3.91,18.7,27
13/04/2022,23,56,3.92,19.2,29
14/04/2022,23,54,3.45,19.4,27.2
15/04/2022,23,54.33,3.55,17.03,23.2
16/04/2022,23,51.66,3.69,17.42,28.26
17/04/2022,22.5,50.8,3.5,18.4,29.4
18/04/2022,22.3,48,3.71,18.53,24.33
19/04/2022,21.7,59.66,3.54,15.9,17
20/04/2022,21.33,56,3.65,16.8,21
21/04/2022,21,47,3.68,17.5,22.6
22/04/2022,20.7,43,3.57,17.3,21.8
23/04/2022,20.66,40.33,3.72,16.56,24.66
24/04/2022,21.7,42.33,3.47,16.83,26.7
25/04/2022,21,48,3.72,17.8,28
26/04/2022,22,42.7,3.83,18.1,28
27/04/2022,21,38,3.9,19.2,32
28/04/2022,21.7,42,4.17,21.8,34
29/04/2022,22,46.33,4.32,23.16,42
30/04/2022,21.7,46.33,4.93,24.5,51
01/05/2022,9.7,75.33,8.94,20.12,62.5
02/05/2022,9,77.33,8.36,20.35,61.17
03/05/2022,8.33,82.33,8.86,20.3,24.86
04/05/2022,8.5,63,9.67,20.21,52.43
05/05/2022,8.7,71,10.33,20.86,66.4
06/05/2022,9,75,9.18,20.49,73.4
07/05/2022,9.66,65.66,9.7,19.75,38.83
08/05/2022,9.5,58.6,10.51,19.58,54.58
09/05/2022,9.66,56.66,8.53,18.8,26.76
10/05/2022,10,44.33,9.03,19.73,49.35
11/05/2022,10.5,33,9.6,20.2,51.44
12/05/2022,11.5,42,10.48,20.7,78.84
13/05/2022,12,46,11.7,20.9,70.92
14/05/2022,12.33,51,11.34,21.52,68.57
15/05/2022,13.7,44,11.7,23.4,57.5
16/05/2022,14.33,36.7,11.96,20.91,63.31
17/05/2022,14.8,43,11.51,22.87,57.6
18/05/2022,15.33,49,11.2,23.8,49.4
19/05/2022,15.3,36,10.3,20.3,23.66
20/05/2022,15.5,38,10.42,20.1,226
21/05/2022,15.66,51.66,11.7,20.92,39.99
22/05/2022,14,70,10.61,19.88,54.66
23/05/2022,14.7,86.33,9.57,25.44,45.96
24/05/2022,14.33,85,9.93,18.82,75.11
25/05/2022,14,93,9.52,18.62,36.28
26/05/2022,14.5,90,9.7,18.68,41.16
27/05/2022,15,61.7,9.44,18.1,41.88
28/05/2022,15.33,44.33,11.41,23.19,45.61
29/05/2022,15,42,5.2,23.6,35.6
30/05/2022,15.6,57,5.4,28.7,51
31/05/2022,15.33,56,5.5,30.6,68.9
01/06/2022,15.33,58,5.4,31.8,75.3
02/06/2022,15,53.7,7.23,30.36,92.03
03/06/2022,14.33,47,7.56,30.63,65.16
04/06/2022,14.7,46,8.99,32.3,66.8
05/06/2022,15,48,10.3,34.6,70.6
06/06/2022,14.3,50,9.53,31.4,57.8
07/06/2022,14,52,9.33,30.1,46.2
08/06/2022,13.7,51,11.7,32.9,52.46
09/06/2022,13.6,52.7,12.9,33.3,53.86
10/06/2022,13,50.7,11.33,29.46,45.3
11/06/2022,13.7,48,10.9,28.66,43.7
12/06/2022,13.7,42,11.3,28.9,45.9
13/06/2022,13.3,39,11.6,31.22,49.5
14/06/2022,13,37,12.7,31.7,57.6
15/06/2022,12.7,40,13.55,33.8,72
16/06/2022,12.7,42.66,15.93,31.83,70.33
17/06/2022,13,43,14.6,33.8,84.3
18/06/2022,13,45,15.7,35.6,89.5
19/06/2022,12.7,54,14.3,33.5,80
20/06/2022,12.7,47,14.56,33.84,81
21/06/2022,12.33,42,13.7,32.6,74
22/06/2022,12.33,40,15.2,39.7,96.3
23/06/2022,12,45,14.81,38.6,90
24/06/2022,12,48,13.6,33.21,73.6
25/06/2022,12,50,13.8,31.7,72.4
26/06/2022,11.7,54,14.3,32.6,80
27/06/2022,11.7,73,12.4,31.6,47.8
28/06/2022,11.33,70,11.3,29.4,40.2
29/06/2022,23,57,15.7,20.3,16.7
30/06/2022,23,59,16.8,22.8,18.6
01/07/2022,23,38,18.9,25.9,23.6
02/07/2022,23.7,60,20.3,26.8,33
03/07/2022,24,56,14.5,17.6,20.3
04/07/2022,24,41,16.3,20.11,22
05/07/2022,24,37,16.5,20.4,21
06/07/2022,24,32,15.6,19.1,19.2
07/07/2022,24,29,13.33,17.4,18
08/07/2022,24.5,30,13.6,17,18.4
09/07/2022,25,31,13.8,17.7,17.88
10/07/2022,25,28,14.1,16.7,18.2
11/07/2022,25,25,12.5,13.6,16.4
12/07/2022,24.5,27,12.7,18.3,18.7
13/07/2022,25,44,12.66,16.7,15.6
14/07/2022,25.5,32,13.2,15.1,16.8
15/07/2022,26,33,13.5,16.7,18.3
16/07/2022,26,64,13.24,16.8,16.5
17/07/2022,26,40,9.11,17.3,18.8
18/07/2022,26,32,17.3,20.8,31.2
19/07/2022,26.5,35,9.6,13.9,13.4
20/07/2022,27,43,8.6,14.7,14.3
21/07/2022,27,35,8.91,14.6,12.6
22/07/2022,27,27,9.2,13.6,12.2
23/07/2022,27,26,9.4,16.9,11.7
24/07/2022,27.33,82,18.89,22.33,18.3
25/07/2022,28,18,18.6,23.4,20.8
26/07/2022,28,37,18.88,24.7,26.3
27/07/2022,28,49,20.6,26.4,30.2
28/07/2022,28,41,17.3,21.3,22.6
29/07/2022,32,36.66,4.61,16.44,22.66
30/07/2022,33.7,32.33,4.2,15.57,12.46
31/07/2022,34,26.33,4.23,14.1,13.86
01/08/2022,35,21.6,4.35,14.62,19.86
02/08/2022,35.7,18.33,4.41,14.68,23.43
03/08/2022,37,17,4.72,15.6,26.3
04/08/2022,37.33,20.66,5.07,16.09,35.76
05/08/2022,38,19.4,4.86,17.3,47
06/08/2022,37.63,19.83,5.57,16.2,34.98
07/08/2022,38,20,4.41,15.11,21
08/08/2022,37,25,4.43,15.3,22.7
09/08/2022,33.66,31,4.63,13.3,29.46
10/08/2022,34.17,23,5.4,12.97,26.17
11/08/2022,34.66,22,4.72,14.07,35
12/08/2022,36.33,25.66,4.77,15.56,49.33
13/08/2022,31.33,57.33,4.33,13.31,16.33
14/08/2022,34.7,34.33,6.06,18.71,28.06
15/08/2022,34.33,35.33,5.97,20.16,25
16/08/2022,30,79,3.99,11.33,11.33
17/08/2022,26,77.7,3.83,11.76,12.16
18/08/2022,24,76,3.9,12.53,10.93
19/08/2022,26,62,3.96,12.95,15
20/08/2022,27.66,50.33,3.91,13.07,15.76
21/08/2022,27.66,50.33,3.91,13.07,15.76
22/08/2022,34,52,4.18,13.2,20.6
23/08/2022,35.33,41,4.37,13.4,26.14
24/08/2022,36.33,34.66,4.46,13.92,29.53
25/08/2022,36.7,40.7,4.65,18.37,34.1
26/08/2022,36,43,4.43,17.81,39.4
27/08/2022,33.7,58.7,4.2,16.43,34.66
28/08/2022,8,69,19.2,21.3,112.45
29/08/2022,8.5,63,23.6,19.45,72.6
30/08/2022,10.7,67,21.35,19.81,80.41
31/08/2022,9.7,90,7.89,18.34,43.31
01/09/2022,9,89.33,7.61,20.37,35.8
02/09/2022,,91.7,7.72,19.66,57.83
03/09/2022,,90.1,7.45,18.83,44.67
04/09/2022,8.33,77.4,8.2,18.42,21
05/09/2022,8.6,74.33,9.41,18.7,35.41
06/09/2022,8,55.33,9.23,19.19,51.2
07/09/2022,8.7,47,10.25,18.46,58.75
08/09/2022,8.3,44.33,11.57,20.12,93.65
09/09/2022,8.7,43,11.32,21.31,104.21
10/09/2022,8.5,44,12.22,20.34,108.42
11/09/2022,8.33,73,10.82,19.39,130.3
12/09/2022,8,74.33,11.24,19.19,131.09
13/09/2022,8.8,78,9.25,19.77,145.76
14/09/2022,8.7,80.33,9.14,20.22,120.06
15/09/2022,8,83,8.09,19.78,81.17
16/09/2022,8.7,87,8.82,19.72,108.06
17/09/2022,8.3,90,8.41,19.61,60.8
18/09/2022,8,93,8.03,18.7,20.9
19/09/2022,7.7,89.33,8.5,19.31,25.12
20/09/2022,7,87.33,7.99,18.58,39.13
21/09/2022,7.33,82.66,8.26,17.91,46.59
22/09/2022,7.7,72.33,8.18,18.31,53.44
23/09/2022,8.33,60.33,7.96,18.39,65.31
24/09/2022,8,45,8.66,18.81,80.34
25/09/2022,8.5,52.9,9.42,19.04,125.73
26/09/2022,8.7,55.7,9.69,19.3,90.96
27/09/2022,9,63.7,10.4,20.17,102.7
28/09/2022,26.7,30,11.6,25.6,36.8
29/09/2022,27,31.6,14.8,22.47,26.88
30/09/2022,27.33,29.66,10.94,20.33,25.44
01/10/2022,27.33,28.66,11.3,23.75,33.24
02/10/2022,27,29.66,10.9,23.03,28.6
03/10/2022,27.33,28,11.54,23.8,27.43
04/10/2022,28,28,12.83,23.27,28.55
05/10/2022,27.6,30,10.4,20.6,32.7
06/10/2022,27,29,9.1,20.21,31.4
07/10/2022,28.33,26.7,11.88,24.16,31.5
08/10/2022,28.33,27,9.923,22.87,30.32
09/10/2022,27.33,41.33,9.78,22.97,33.67
10/10/2022,27.66,44.33,9.78,22.9,28.7
11/10/2022,28,37,9.71,21.38,18.61
12/10/2022,27.66,31.33,9.04,20.53,17.31
13/10/2022,28,32.5,9.2,20.4,19.3
14/10/2022,29,34.33,9.48,19.7,24.36
15/10/2022,28.33,41,9.2,22.12,31.03
16/10/2022,28.33,48,8.53,21.53,24.6
17/10/2022,28,46.33,8.21,19.81,20.94
18/10/2022,27.33,46,9.7,19.64,13.2
19/10/2022,27,47.66,8.64,18.16,16.78
20/10/2022,27.5,43,7.22,18.64,21.2
21/10/2022,27.66,45.7,6.85,18.8,12.6
22/10/2022,28.66,37.33,6.57,21.55,12.73
23/10/2022,29.66,35,6.57,20.46,17.63
24/10/2022,30.7,34.33,6.04,18.6,16.6
25/10/2022,31.66,37.33,6.53,19.16,27.13
26/10/2022,32.7,35.33,5.7,18.8,15.18
27/10/2022,28,38.6,6.22,19.53,16.4
28/10/2022,28.33,80,3.24,8.85,4.66
29/10/2022,29,73,3.15,8.8,14.33
30/10/2022,30,64.33,3.56,10.3,21
31/10/2022,31,69.33,3.47,11,21
01/11/2022,30,82,3.8,12.6,27
02/11/2022,30.3,73,3.6,12.51,25.1
03/11/2022,31,63,3.5,11.8,21
04/11/2022,30.5,58,4.2,13.4,28
05/11/2022,31.33,61,3.96,12.02,24.03
06/11/2022,32.33,62.66,3.92,12.78,23.6
07/11/2022,28.33,79.33,3.96,11.81,16
08/11/2022,28,65,3.61,12.3,19.6
09/11/2022,25.5,68,3.24,12.8,24.7
10/11/2022,28,80,3.8,12.27,22.6
11/11/2022,27.33,79.66,3.7,12.17,14.23
12/11/2022,27.66,82,3.42,12.06,17.6
13/11/2022,27,82.33,3.5,11.6,17.5
14/11/2022,29.3,79.5,3.7,11.77,20.17
15/11/2022,30,80.3,3.1,11.4,21.2
16/11/2022,30.5,76.2,3.02,11.54,22.7
17/11/2022,28,82.17,3.2,10.13,18.17
18/11/2022,22,74.67,4,10.77,20.67
19/11/2022,28.13,75.67,3.9,10.73,21.07
20/11/2022,27.1,77,3.6,9.83,18.7
21/11/2022,26.1,78,3.37,8.67,16.27
22/11/2022,27,74,3.27,10.6,18.9
23/11/2022,29,72,3.21,10.81,21.6
24/11/2022,28.07,70.73,3.3,7.83,16.1
25/11/2022,28.53,71.07,4.6,9.13,19.33
26/11/2022,30,66.67,5.2,9.5,20.27
27/11/2022,30.42,63.33,5.9,10.1,22
28/11/2022,30.66,43,7.6,18.4,21.3
29/11/2022,30,40,6.35,16.8,17
30/11/2022,29.3,38,6.2,17.2,18.4
01/12/2022,27.1,36.9,4,15.83,12.13
02/12/2022,28.4,37.87,5.3,17.07,16.13
03/12/2022,28,28,12.83,23.27,28.55
04/12/2022,33,32.7,5.87,17.45,16.27
05/12/2022,32,41,5.29,15.5,19.66
06/12/2022,34.33,31.33,5.24,14.13,15.7
07/12/2022,35.33,29,5.86,15.54,33.73
08/12/2022,36,29,6.12,15.81,25.33
09/12/2022,36.7,25.33,5.69,16.04,24.2
10/12/2022,37,22,5.53,16.33,27
11/12/2022,37,30.7,5.74,17.79,17.2
12/12/2022,35.66,30.33,6.11,19.14,29.46
13/12/2022,34.7,34.33,6.06,18.71,28.06
14/12/2022,34.33,35.33,5.97,20.16,25
15/12/2022,34.33,36,5.5,19.8,28.83
16/12/2022,34,33.33,5.83,18.7,19.96
17/12/2022,35,21,5.44,18.83,23
18/12/2022,30.66,41.7,5.37,16.96,12.23
19/12/2022,29.33,46,5.44,14.97,12.23
20/12/2022,30,46,5.3,14.33,12.25
21/12/2022,32,35,5.54,17,22.25
22/12/2022,31.7,33.33,6.43,22.05,39.33
23/12/2022,31.33,46,5.37,20.23,28.33
24/12/2022,31,47,5.4,20.4,25
25/12/2022,34.66,38,5.39,19.6,24.33
26/12/2022,34.33,38.77,5.07,19.6,21.66
27/12/2022,33.33,39.7,4.42,18.43,26.63
28/12/2022,30.83,62.67,5.9,9.23,20.67
29/12/2022,30.5,65,4.1,10.6,19.6
30/12/2022,30,67,3.67,11.2,18.6
01/01/2023,11.66,44,14.9,48.7,63.1
02/01/2023,11.66,40,15.22,49.5,65
03/01/2023,12,37.6,16.8,52.6,112
04/01/2023,12.66,35.2,15.3,53.6,74
05/01/2023,13,33.66,15.9,58.23,71.64
06/01/2023,14,36,16.4,56.4,85
07/01/2023,14.33,38,17.33,54.3,102.3
08/01/2023,14.66,43.6,16.8,52.1,97.5
09/01/2023,15.33,49.33,13.63,34.1,62.7
10/01/2023,13,66,12.8,41.3,70.4
11/01/2023,10.66,78,11.9,33.4,42
12/01/2023,10.33,72,12.4,33.5,43
13/01/2023,10,64,13.8,34.6,59.6
14/01/2023,9.33,60,13.64,33.7,57.2
15/01/2023,8,46,12.7,31.4,46.7
16/01/2023,8.33,41,14.73,33.2,50.53
17/01/2023,8.7,41,13.04,31.7,45.5
18/01/2023,8.7,40,14.3,35.6,72
19/01/2023,9,44.7,11.56,31.4,44
20/01/2023,9,50,11.2,30.1,40
21/01/2023,9,66,10.6,28.6,28.1
22/01/2023,8.7,60,10.91,31.6,51.4
23/01/2023,8.7,58,12.3,35.3,75
24/01/2023,8.33,55,14.6,37.68,90
25/01/2023,8.33,53.5,13.2,35.4,82
26/01/2023,8.6,50,13.6,33.7,72
27/01/2023,9,49,14.7,34.5,84
28/01/2023,9.6,67,13.8,30.9,62
29/01/2023,10,61,11.2,26.8,35
30/01/2023,10.33,57.7,8.9,20.13,23
31/01/2023,10.7,56,10.34,24.67,42.7
01/02/2023,12,42,9.88,23.7,43.7
02/02/2023,13.33,44.33,10.9,24.83,48.33
03/02/2023,13,46,12.6,29.4,70.3
04/02/2023,14,60,9.74,23.6,41.8
05/02/2023,14,60,10.2,24.11,43.9
06/02/2023,12.7,56.7,8.62,22.53,16.56
07/02/2023,13.33,47.7,7.77,18.2,19.4
08/02/2023,12,52,7.58,17.1,27
09/02/2023,10.33,59.33,7.04,15.83,17.4
10/02/2023,10.66,67,7.3,23.1,32
11/02/2023,10.66,70,7.2,22.8,22.1
12/02/2023,11,32,7.16,22.6,19.33
13/02/2023,11.66,34,6.9,20.5,21.5
14/02/2023,13,34.33,7.16,27.4,43.7
15/02/2023,13,42,7.33,21.2,28.9
16/02/2023,13.33,43,8.1,28.1,70
17/02/2023,13.66,39,8.6,28.3,73.8
18/02/2023,14.33,40,7.6,27.75,66.8
19/02/2023,14.33,63,6.73,27.3,60
20/02/2023,15,54,6.88,25.9,71
21/02/2023,15.7,43.33,6.7,19.2,20.66
22/02/2023,15.33,46,6.2,20.1,18
23/02/2023,15,47,6.5,21.46,22.7
24/02/2023,15.66,51,5.8,23.8,41.33
25/02/2023,15.66,56,5.6,21.9,26
26/02/2023,16,49.33,5.43,19.96,18.33
27/02/2023,15,51,5.22,19.51,23
28/02/2023,14.66,55.7,5.14,19.2,21
01/03/2023,16,63,4.7,20.7,23
02/03/2023,15,59.77,5.36,20.4,22
03/03/2023,16,47,5.41,22.9,29
04/03/2023,16.33,42,4.8,21.8,24
05/03/2023,16.66,41,4.3,19,18
06/03/2023,17,37,5.03,18.56,18.6
07/03/2023,17.33,32.33,5,18.23,18.83
08/03/2023,18.33,32.33,4.78,17.7,17.71
09/03/2023,18.33,38,5.1,23.9,33.4
10/03/2023,18,36,5.04,24.5,31.5
11/03/2023,18.33,39,5.3,24.7,33.6
12/03/2023,19,41,4.86,22.26,41.2
13/03/2023,19.33,39.4,4.81,20.9,24.1
14/03/2023,19.66,38.33,4.9,21.23,20.6
15/03/2023,19,43,4.6,23.9,27
16/03/2023,18.33,67,4.3,18.6,11
17/03/2023,18.66,63,4.5,21.8,28.4
18/03/2023,18,70,4.21,20.9,20.5
19/03/2023,18.66,54,5.3,21.3,27.9
20/03/2023,18.66,58.66,5.11,21.3,26
21/03/2023,19,70,4.17,18.6,23.8
22/03/2023,19.33,65,4.3,19.3,27.3
23/03/2023,20,68.33,4.21,18.23,13.76
24/03/2023,19,73,4.33,19.8,23.4
25/03/2023,18,83,3.75,13.7,12.7
26/03/2023,17,79.33,3.68,13.5,9.86
27/03/2023,18,63,3.81,16.9,19.7
28/03/2023,18.33,64,3.82,17.11,22
29/03/2023,17.33,53.33,4.15,16.56,27.33
30/03/2023,16,81,3.8,15.33,18.9
31/03/2023,17.66,60.6,12.1,14.7,16.8
31/03/2023,16.33,83,3.42,13.5,8.3